Token	Language	Named Entity	Eng-NGram Prob	Spn-NGram Prob	HMM Prob	Total Prob
"	Punct	O	N/A	N/A	N/A	N/A
We	Eng	O	46.45	7.69	-0.8	45.650000000000006
weren	Eng	O	53.36	19.24	-0.8	52.56
'	Punct	O	N/A	N/A	N/A	N/A
t	Eng	O/ORG	40.21	10.87	-0.8	39.410000000000004
allowed	Eng	O/ORG	52.26	21.94	-0.8	51.46
to	Eng	O/ORG	48.13	29.93	-0.8	47.330000000000005
speak	Eng	O/ORG	38.44	9.07	-0.8	37.64
Spanish	Eng	O/ORG	39.06	8.16	-0.8	38.260000000000005
when	Eng	O/ORG	56.49	15.56	-0.8	55.690000000000005
we	Eng	O/ORG	46.45	7.69	-0.8	45.650000000000006
came	Eng	O/ORG	47.52	40.18	-0.8	46.720000000000006
to	Eng	O/ORG	48.13	29.93	-0.8	47.330000000000005
America	Spn	LOCATION/ORG	31.41	43.48	-2.38	41.099999999999994
so	Eng	O/ORG	43.57	28.06	-2.38	41.19
we	Eng	O/ORG	46.45	7.69	-0.8	45.650000000000006
could	Eng	O/ORG	58.14	16.9	-0.8	57.34
"	Punct	O	N/A	N/A	N/A	N/A
"	Punct	O	N/A	N/A	N/A	N/A
blend	Eng	O	34.48	11.9	-0.8	33.68
in	Eng	O	45.41	25.29	-0.8	44.61
"	Punct	O	N/A	N/A	N/A	N/A
"	Punct	O	N/A	N/A	N/A	N/A
and	Eng	O	58.08	26.56	-0.8	57.28
not	Eng	O	48.64	20.26	-0.8	47.84
have	Eng	O	60.11	28.54	-0.8	59.31
accents	Eng	O	47.34	15.89	-0.8	46.540000000000006
so	Eng	O	43.57	28.06	-0.8	42.77
now	Eng	O	47.81	13.39	-0.8	47.010000000000005
a	Eng	O	39.06	38.09	-0.8	38.260000000000005
lot	Eng	O	46.99	17.08	-0.8	46.190000000000005
us	Eng	O	36.11	21.64	-0.8	35.31
don	Eng	O	50.13	38.08	-0.8	49.330000000000005
'	Punct	O	N/A	N/A	N/A	N/A
t	Eng	O/ORG	40.21	10.87	-0.8	39.410000000000004
know	Eng	O/ORG	60.3	6.12	-0.8	59.5
it	Eng	O/ORG	50.11	11.76	-0.8	49.31
fluently	Eng	O/ORG	43.76	9.36	-0.8	42.96
anymore	Eng	O/ORG	64.76	21.01	-0.8	63.96000000000001
"	Punct	O	N/A	N/A	N/A	N/A
,	Punct	O	N/A	N/A	N/A	N/A
,	Punct	O	N/A	N/A	N/A	N/A
,	Punct	O	N/A	N/A	N/A	N/A
,	Punct	O	N/A	N/A	N/A	N/A
,	Punct	O	N/A	N/A	N/A	N/A
