Token	Language	Named Entity	Eng-NGram Prob	Spn-NGram Prob	HMM Prob	Total Prob
"	Punct	O	N/A	N/A	N/A	N/A
story	Eng	O	46.51	16.3	-0.8	45.71
of	Eng	O	45.37	12.91	-0.8	44.57
a	Eng	O	39.06	38.09	-0.8	38.260000000000005
lot	Eng	O	46.99	17.08	-0.8	46.190000000000005
of	Eng	O	45.37	12.91	-0.8	44.57
Mexican	Spn	O/ORG	37.7	44.86	-2.38	42.48
children	Eng	O/ORG	63.89	31.23	-2.38	61.51
and	Eng	O/ORG	58.08	26.56	-0.8	57.28
then	Eng	O/ORG	60.65	23.75	-0.8	59.85
we	Eng	O/ORG	46.45	7.69	-0.8	45.650000000000006
get	Eng	O/ORG	48.04	13.69	-0.8	47.24
hated	Eng	O/ORG	47.26	23.28	-0.8	46.46
on	Eng	O	43.01	23.0	-0.8	42.21
by	Eng	O	35.52	13.53	-0.8	34.720000000000006
all	Eng	O	47.74	25.64	-0.8	46.940000000000005
the	Eng	O	60.83	27.05	-0.8	60.03
"	Punct	O	N/A	N/A	N/A	N/A
"	Punct	O	N/A	N/A	N/A	N/A
real	Eng	O	50.3	35.46	-0.8	49.5
"	Punct	O	N/A	N/A	N/A	N/A
"	Punct	O	N/A	N/A	N/A	N/A
Mexicans	Eng	O/ORG	36.59	33.4	-0.8	35.790000000000006
because	Eng	O/ORG	75.01	22.56	-0.8	74.21000000000001
we	Eng	O/ORG	46.45	7.69	-0.8	45.650000000000006
can	Eng	O/ORG	46.96	33.02	-0.8	46.160000000000004
'	Punct	O	N/A	N/A	N/A	N/A
t	Eng	O/ORG	40.21	10.87	-0.8	39.410000000000004
speak	Eng	O/ORG	38.44	9.07	-0.8	37.64
Spanish	Eng	O/ORG	39.06	8.16	-0.8	38.260000000000005
😒	Punct	O	N/A	N/A	N/A	N/A
"	Punct	O	N/A	N/A	N/A	N/A
,	Punct	O	N/A	N/A	N/A	N/A
,	Punct	O	N/A	N/A	N/A	N/A
,	Punct	O	N/A	N/A	N/A	N/A
,	Punct	O	N/A	N/A	N/A	N/A
,	Punct	O	N/A	N/A	N/A	N/A
