Token	Language	Named Entity	Eng-NGram Prob	Spn-NGram Prob	HMM Prob	Total Prob
"	Punct	O	N/A	N/A	N/A	N/A
no	Spn	O	39.04	44.89	-2.38	42.51
sabo	Spn	O	16.37	33.68	-1.01	32.67
señor	Spn	O	19.83	55.39	-1.01	54.38
igüano	Spn	O	17.7	21.68	-1.01	20.669999999999998
is	Eng	O	44.66	21.08	-2.38	42.279999999999994
a	Eng	O	39.06	38.09	-0.8	38.260000000000005
mexican	Spn	O/ORG	37.7	44.86	-2.38	42.48
-	Punct	O	N/A	N/A	N/A	N/A
ish	Eng	O/ORG	29.08	9.72	-2.38	26.7
meme	Spn	O/ORG	30.73	34.56	-2.38	32.18
that	Eng	O/ORG	68.72	14.42	-2.38	66.34
we	Eng	O/ORG	46.45	7.69	-0.8	45.650000000000006
use	Eng	O	45.34	29.16	-0.8	44.540000000000006
for	Eng	O	47.94	28.79	-0.8	47.14
"	Punct	O	N/A	N/A	N/A	N/A
"	Punct	O	N/A	N/A	N/A	N/A
choro	Spn	O	24.03	31.86	-2.38	29.48
"	Punct	O	N/A	N/A	N/A	N/A
"	Punct	O	N/A	N/A	N/A	N/A
in	Eng	O	45.41	25.29	-2.38	43.029999999999994
other	Eng	O	57.25	23.13	-0.8	56.45
words	Eng	O	46.58	4.49	-0.8	45.78
for	Eng	O	47.94	28.79	-0.8	47.14
sh	Eng	O	23.02	10.6	-0.8	22.22
and	Eng	O	58.08	26.56	-0.8	57.28
giggles	Eng	O	31.74	22.91	-0.8	30.939999999999998
"	Punct	O	N/A	N/A	N/A	N/A
,	Punct	O	N/A	N/A	N/A	N/A
,	Punct	O	N/A	N/A	N/A	N/A
,	Punct	O	N/A	N/A	N/A	N/A
,	Punct	O	N/A	N/A	N/A	N/A
,	Punct	O	N/A	N/A	N/A	N/A
