Token	Language	Named Entity	Eng-NGram Prob	Spn-NGram Prob	HMM Prob	Total Prob
"	Punct	O	N/A	N/A	N/A	N/A
😳	Punct	O	N/A	N/A	N/A	N/A
acabo	Spn	O	15.24	36.9	-2.38	34.519999999999996
de	Spn	O	26.21	47.06	-1.01	46.050000000000004
caer	Spn	O	21.46	36.27	-1.01	35.260000000000005
en	Spn	O	25.45	42.54	-1.01	41.53
cuenta	Spn	O	12.46	53.51	-1.01	52.5
que	Spn	O	26.46	56.13	-1.01	55.120000000000005
le	Spn	O	24.53	39.88	-1.01	38.870000000000005
enseñó	Spn	O	-4.09	34.75	-1.01	33.74
a	Spn	O	39.06	38.09	-1.01	37.080000000000005
decir	Spn	O	27.58	50.48	-1.01	49.47
"	Punct	O	N/A	N/A	N/A	N/A
"	Punct	O	N/A	N/A	N/A	N/A
mi	Spn	O	18.08	38.03	-1.01	37.02
novio	Spn	O	19.06	42.63	-1.01	41.620000000000005
"	Punct	O	N/A	N/A	N/A	N/A
"	Punct	O	N/A	N/A	N/A	N/A
para	Spn	O	27.32	53.43	-1.01	52.42
que	Spn	O	26.46	56.13	-1.01	55.120000000000005
si	Spn	O	14.77	35.22	-1.01	34.21
una	Spn	O	21.97	46.98	-1.01	45.97
mujer	Spn	O	19.33	48.1	-1.01	47.09
se	Spn	O	30.91	42.67	-1.01	41.660000000000004
le	Spn	O	24.53	39.88	-1.01	38.870000000000005
quiere	Spn	O	34.94	63.13	-1.01	62.120000000000005
acercar	Spn	O	21.14	42.16	-1.01	41.15
ni	Spn	O	16.53	32.18	-1.01	31.169999999999998
lo	Spn	O	19.44	42.92	-1.01	41.910000000000004
intente	Spn	O	37.27	53.43	-1.01	52.42
porque	Spn	O	23.55	64.76	-1.01	63.75000000000001
va	Spn	O	12.73	37.22	-1.01	36.21
pensar	Spn	O	25.55	49.33	-1.01	48.32
que	Spn	O	26.46	56.13	-1.01	55.120000000000005
es	Spn	O	21.58	44.75	-1.01	43.74
gay	Eng	O	24.67	22.49	-2.38	22.290000000000003
😳	Punct	O	N/A	N/A	N/A	N/A
😏	Punct	O	N/A	N/A	N/A	N/A
"	Punct	O	N/A	N/A	N/A	N/A
,	Punct	O	N/A	N/A	N/A	N/A
,	Punct	O	N/A	N/A	N/A	N/A
,	Punct	O	N/A	N/A	N/A	N/A
,	Punct	O	N/A	N/A	N/A	N/A
,	Punct	O	N/A	N/A	N/A	N/A
