Token	Language	Named Entity	Eng-NGram Prob	Spn-NGram Prob	HMM Prob	Total Prob
"	Punct	O	N/A	N/A	N/A	N/A
Yeah	Eng	O/ORG	62.76	10.6	-0.8	61.96
I	Eng	O/ORG	42.31	11.38	-0.8	41.510000000000005
don	Eng	O	50.13	38.08	-0.8	49.330000000000005
'	Punct	O	N/A	N/A	N/A	N/A
t	Eng	O/ORG	40.21	10.87	-0.8	39.410000000000004
like	Eng	O/ORG	57.49	21.32	-0.8	56.690000000000005
that	Eng	O/ORG	68.72	14.42	-0.8	67.92
but	Eng	O/ORG	51.93	13.76	-0.8	51.13
also	Eng	O/ORG	46.43	25.86	-0.8	45.63
the	Eng	O/ORG	60.83	27.05	-0.8	60.03
whole	Eng	O/ORG	54.64	17.09	-0.8	53.84
conversation	Eng	O/ORG	69.7	43.61	-0.8	68.9
about	Eng	O/ORG	62.63	15.69	-0.8	61.830000000000005
is	Eng	O	44.66	21.08	-0.8	43.86
"	Punct	O	N/A	N/A	N/A	N/A
"	Punct	O	N/A	N/A	N/A	N/A
gringos	Spn	O	16.16	38.1	-2.38	35.72
can	Eng	O	46.96	33.02	-2.38	44.58
'	Punct	O	N/A	N/A	N/A	N/A
t	Eng	O/ORG	40.21	10.87	-0.8	39.410000000000004
see	Eng	O/ORG	45.86	24.58	-0.8	45.06
that	Eng	O/ORG	68.72	14.42	-0.8	67.92
a	Eng	O	39.06	38.09	-0.8	38.260000000000005
white	Eng	O	48.39	21.6	-0.8	47.59
person	Eng	O	54.45	49.73	-0.8	53.650000000000006
can	Eng	O	46.96	33.02	-0.8	46.160000000000004
be	Eng	O	42.62	20.92	-0.8	41.82
latino	Spn	O	26.42	40.08	-2.38	37.699999999999996
"	Punct	O	N/A	N/A	N/A	N/A
"	Punct	O	N/A	N/A	N/A	N/A
but	Eng	O/ORG	51.93	13.76	-2.38	49.55
never	Eng	O/ORG	54.2	28.98	-0.8	53.400000000000006
about	Eng	O/ORG	62.63	15.69	-0.8	61.830000000000005
afrolatinos	Spn	O	18.38	27.99	-2.38	25.61
"	Punct	O	N/A	N/A	N/A	N/A
,	Punct	O	N/A	N/A	N/A	N/A
,	Punct	O	N/A	N/A	N/A	N/A
,	Punct	O	N/A	N/A	N/A	N/A
,	Punct	O	N/A	N/A	N/A	N/A
,	Punct	O	N/A	N/A	N/A	N/A
