Token	Language	Named Entity	Eng-NGram Prob	Spn-NGram Prob	HMM Prob	Total Prob
"	Punct	O	N/A	N/A	N/A	N/A
blame	Eng	O	40.74	32.27	-0.8	39.940000000000005
the	Eng	O	60.83	27.05	-0.8	60.03
parents	Eng	O	56.12	30.91	-0.8	55.32
when	Eng	O	56.49	15.56	-0.8	55.690000000000005
I	Eng	O/OTROS	42.31	11.38	-0.8	41.510000000000005
find	Eng	O	48.68	16.97	-0.8	47.88
out	Eng	O	48.81	12.75	-0.8	48.010000000000005
thy	Eng	O	29.46	14.19	-0.8	28.66
can	Eng	O	46.96	33.02	-0.8	46.160000000000004
'	Punct	O	N/A	N/A	N/A	N/A
t	Eng	O/ORG	40.21	10.87	-0.8	39.410000000000004
speak	Eng	O/ORG	38.44	9.07	-0.8	37.64
Spanish	Eng	O/ORG	39.06	8.16	-0.8	38.260000000000005
I	Eng	O/ORG	42.31	11.38	-0.8	41.510000000000005
always	Eng	O/ORG	58.03	12.99	-0.8	57.230000000000004
say	Eng	O/ORG	43.93	22.05	-0.8	43.13
"	Punct	O	N/A	N/A	N/A	N/A
"	Punct	O	N/A	N/A	N/A	N/A
oh	Eng	O	42.22	16.44	-0.8	41.42
bcuz	Spn	O/ORG	-1.29	4.99	-2.38	2.6100000000000003
of	Eng	O/ORG	45.37	12.91	-2.38	42.989999999999995
ur	Eng	O/ORG	18.65	14.07	-0.8	17.849999999999998
parents	Eng	O/ORG	56.12	30.91	-0.8	55.32
"	Punct	O	N/A	N/A	N/A	N/A
"	Punct	O	N/A	N/A	N/A	N/A
and	Eng	O	58.08	26.56	-0.8	57.28
most	Eng	O/ORG	49.19	17.5	-0.8	48.39
of	Eng	O/ORG	45.37	12.91	-0.8	44.57
the	Eng	O/ORG	60.83	27.05	-0.8	60.03
time	Eng	O/ORG	53.99	32.6	-0.8	53.190000000000005
it	Eng	O/ORG	50.11	11.76	-0.8	49.31
'	Punct	O	N/A	N/A	N/A	N/A
s	Eng	O	40.13	19.22	-0.8	39.330000000000005
tru	Eng	O	23.56	18.22	-0.8	22.759999999999998
"	Punct	O	N/A	N/A	N/A	N/A
,	Punct	O	N/A	N/A	N/A	N/A
,	Punct	O	N/A	N/A	N/A	N/A
,	Punct	O	N/A	N/A	N/A	N/A
,	Punct	O	N/A	N/A	N/A	N/A
,	Punct	O	N/A	N/A	N/A	N/A
