Token	Language	Named Entity	Eng-NGram Prob	Spn-NGram Prob	HMM Prob	Total Prob
"	Punct	O	N/A	N/A	N/A	N/A
my	Eng	O	41.2	20.91	-0.8	40.400000000000006
daughter	Eng	O	55.87	18.12	-0.8	55.07
has	Eng	O	46.17	42.75	-0.8	45.370000000000005
"	Punct	O	N/A	N/A	N/A	N/A
"	Punct	O	N/A	N/A	N/A	N/A
problems	Eng	O	64.67	35.77	-0.8	63.870000000000005
"	Punct	O	N/A	N/A	N/A	N/A
"	Punct	O	N/A	N/A	N/A	N/A
with	Eng	O	54.27	4.16	-0.8	53.470000000000006
speech	Eng	O	39.61	6.09	-0.8	38.81
she	Eng	O	47.98	20.49	-0.8	47.18
wanted	Eng	O	59.37	14.2	-0.8	58.57
a	Eng	O	39.06	38.09	-0.8	38.260000000000005
vlog	Eng	O	11.19	-0.72	-0.8	10.389999999999999
and	Eng	O	58.08	26.56	-0.8	57.28
I	Eng	O/OTROS	42.31	11.38	-0.8	41.510000000000005
made	Eng	O	44.26	35.03	-0.8	43.46
her	Eng	O	46.52	29.04	-0.8	45.720000000000006
a	Eng	O	39.06	38.09	-0.8	38.260000000000005
tiktok	Eng	O	15.56	5.23	-0.8	14.76
for	Eng	O	47.94	28.79	-0.8	47.14
her	Eng	O	46.52	29.04	-0.8	45.720000000000006
to	Eng	O	48.13	29.93	-0.8	47.330000000000005
practice	Eng	O	48.28	37.56	-0.8	47.480000000000004
talking	Eng	O/ORG	67.5	20.92	-0.8	66.7
I	Eng	O/ORG	42.31	11.38	-0.8	41.510000000000005
feel	Eng	O/ORG	42.65	17.76	-0.8	41.85
like	Eng	O/ORG	57.49	21.32	-0.8	56.690000000000005
it	Eng	O/ORG	50.11	11.76	-0.8	49.31
I	Eng	O/ORG	42.31	11.38	-0.8	41.510000000000005
'	Punct	O	N/A	N/A	N/A	N/A
ll	Eng	O/ORG	38.29	20.47	-0.8	37.49
help	Eng	O/ORG	38.45	13.01	-0.8	37.650000000000006
her	Eng	O/ORG	46.52	29.04	-0.8	45.720000000000006
@	Punct	O	N/A	N/A	N/A	N/A
lexi_talks	Eng	O/ORG	19.09	3.28	-0.8	18.29
"	Punct	O	N/A	N/A	N/A	N/A
,	Punct	O	N/A	N/A	N/A	N/A
,	Punct	O	N/A	N/A	N/A	N/A
,	Punct	O	N/A	N/A	N/A	N/A
,	Punct	O	N/A	N/A	N/A	N/A
,	Punct	O	N/A	N/A	N/A	N/A
