Token	Language	Named Entity	Eng-NGram Prob	Spn-NGram Prob	HMM Prob	Total Prob
"	Punct	O	N/A	N/A	N/A	N/A
When	Eng	O/ORG	56.49	15.56	-0.8	55.690000000000005
I	Eng	O/ORG	42.31	11.38	-0.8	41.510000000000005
was	Eng	O/ORG	51.72	16.52	-0.8	50.92
a	Eng	O	39.06	38.09	-0.8	38.260000000000005
kid	Eng	O/ORG	38.19	9.68	-0.8	37.39
I	Eng	O/ORG	42.31	11.38	-0.8	41.510000000000005
remember	Eng	O/ORG	63.09	24.73	-0.8	62.290000000000006
I	Eng	O/ORG	42.31	11.38	-0.8	41.510000000000005
was	Eng	O/ORG	51.72	16.52	-0.8	50.92
trying	Eng	O/ORG	62.95	14.11	-0.8	62.150000000000006
to	Eng	O/ORG	48.13	29.93	-0.8	47.330000000000005
ask	Eng	O/ORG	31.99	6.75	-0.8	31.189999999999998
a	Eng	O	39.06	38.09	-0.8	38.260000000000005
white	Eng	O	48.39	21.6	-0.8	47.59
girl	Eng	O	32.89	8.72	-0.8	32.09
in	Eng	O	45.41	25.29	-0.8	44.61
2nd	Eng	O	10.38	3.81	-0.8	9.58
grade	Eng	O	43.31	36.23	-0.8	42.510000000000005
if	Eng	O	41.12	4.97	-0.8	40.32
her	Eng	O	46.52	29.04	-0.8	45.720000000000006
mom	Eng	O	34.1	16.88	-0.8	33.300000000000004
was	Eng	O	51.72	16.52	-0.8	50.92
"	Punct	O	N/A	N/A	N/A	N/A
"	Punct	O	N/A	N/A	N/A	N/A
embarrassed	Eng	O	42.78	25.34	-0.8	41.980000000000004
"	Punct	O	N/A	N/A	N/A	N/A
"	Punct	O	N/A	N/A	N/A	N/A
🤰	Punct	O	N/A	N/A	N/A	N/A
😅	Punct	O	N/A	N/A	N/A	N/A
"	Punct	O	N/A	N/A	N/A	N/A
,	Punct	O	N/A	N/A	N/A	N/A
,	Punct	O	N/A	N/A	N/A	N/A
,	Punct	O	N/A	N/A	N/A	N/A
,	Punct	O	N/A	N/A	N/A	N/A
,	Punct	O	N/A	N/A	N/A	N/A
